joaqu-n-sorolla,/en/joaqu-n-sorolla/grape-harvest-1896,Grape Harvest,1896,,Impressionism,genre painting,https://uploads5.wikiart.org/images/joaquin-sorolla/grape-harvest-1896.jpg!Large.jpg
joaqu-n-sorolla,/en/joaqu-n-sorolla/children-at-the-beach-1899,Children at the beach,1899,,Impressionism,genre painting,https://uploads4.wikiart.org/images/joaquin-sorolla/children-at-the-beach-1899.jpg!Large.jpg
joaqu-n-sorolla,/en/joaqu-n-sorolla/swimmers-javea-1905,"Swimmers, Javea",1905,,Impressionism,genre painting,https://uploads6.wikiart.org/images/joaquin-sorolla/swimmers-javea-1905.jpg!Large.jpg
joaqu-n-sorolla,/en/joaqu-n-sorolla/lighthouse-walk-at-biarritz-1906,Lighthouse walk at Biarritz,1906,Impressionism,genre painting,genre painting,https://uploads1.wikiart.org/images/joaquin-sorolla/lighthouse-walk-at-biarritz-1906.jpg!Large.jpg
joaqu-n-sorolla,/en/joaqu-n-sorolla/monte-ullia-san-sebastian-1909,"Monte Ullia, San Sebastian",1909,,Impressionism,genre painting,https://uploads8.wikiart.org/images/joaquin-sorolla/monte-ullia-san-sebastian-1909.jpg!Large.jpg
joaqu-n-sorolla,/en/joaqu-n-sorolla/castle-of-la-mota-medina-del-campo,"Castle of La Mota, Medina del Campo",,Impressionism,landscape,landscape,https://uploads3.wikiart.org/images/joaquin-sorolla/castle-of-la-mota-medina-del-campo.jpg!Large.jpg
joaqu-n-sorolla,/en/joaqu-n-sorolla/girl-with-flowers,Girl with flowers,,Impressionism,portrait,portrait,https://uploads4.wikiart.org/images/joaquin-sorolla/girl-with-flowers.jpg!Large.jpg
joaqu-n-sorolla,/en/joaqu-n-sorolla/ibiza-house-1919,Ibiza house,1919,,Impressionism,sketch and study,https://uploads3.wikiart.org/images/joaquin-sorolla/ibiza-house-1919.jpg!Large.jpg
joaqu-n-sorolla,/en/joaqu-n-sorolla/white-roses-from-the-house-garden-1919,White Roses from the House Garden,1919,,Impressionism,flower painting,https://uploads7.wikiart.org/images/joaquin-sorolla/white-roses-from-the-house-garden-1919.jpg!Large.jpg
joaqu-n-sorolla,/en/joaqu-n-sorolla/the-tunny-catch-1919,The Tunny Catch,1919,,Impressionism,genre painting,https://uploads7.wikiart.org/images/joaquin-sorolla/the-tunny-catch-1919.jpg!Large.jpg
joaqu-n-sorolla,/en/joaqu-n-sorolla/the-smugglers-1919,The Smugglers,1919,,Impressionism,genre painting,https://uploads5.wikiart.org/images/joaquin-sorolla/the-smugglers-1919.jpg!Large.jpg
joaqu-n-sorolla,/en/joaqu-n-sorolla/looking-for-shellfish-1919,Looking for Shellfish,1919,,Impressionism,genre painting,https://uploads4.wikiart.org/images/joaquin-sorolla/looking-for-shellfish-1919.jpg!Large.jpg
joaqu-n-sorolla,/en/joaqu-n-sorolla/elena-in-cove-san-vicente-at-majorca-1919,"Elena in cove, San Vicente at Majorca",1919,,Impressionism,genre painting,https://uploads1.wikiart.org/images/joaquin-sorolla/elena-in-cove-san-vicente-at-majorca-1919.jpg!Large.jpg
joaqu-n-sorolla,/en/joaqu-n-sorolla/portrait-of-d-amalio-gimeno-1919,Portrait of D. Amalio Gimeno,1919,,Impressionism,portrait,https://uploads1.wikiart.org/images/joaquin-sorolla/portrait-of-d-amalio-gimeno-1919.jpg!Large.jpg
joaqu-n-sorolla,/en/joaqu-n-sorolla/valencia-beach-fisherwomen-1919,Valencia Beach. Fisherwomen.,1919,,Impressionism,genre painting,https://uploads0.wikiart.org/images/joaquin-sorolla/valencia-beach-fisherwomen-1919.jpg!Large.jpg
joaqu-n-sorolla,/en/joaqu-n-sorolla/the-coast-near-san-sebastian-1918,The Coast near San Sebastian,1918,,Impressionism,landscape,https://uploads2.wikiart.org/images/joaquin-sorolla/the-coast-near-san-sebastian-1918.jpg!Large.jpg
joaqu-n-sorolla,/en/joaqu-n-sorolla/the-breakwater-of-san-sebastian-1918,The Breakwater of San Sebastian,1918,,Impressionism,landscape,https://uploads5.wikiart.org/images/joaquin-sorolla/the-breakwater-of-san-sebastian-1918.jpg!Large.jpg
joaqu-n-sorolla,/en/joaqu-n-sorolla/rose-bush-at-the-sorolla-house-1918,Rose Bush at the Sorolla House,1918,,Impressionism,landscape,https://uploads4.wikiart.org/images/joaquin-sorolla/rose-bush-at-the-sorolla-house-1918.jpg!Large.jpg
joaqu-n-sorolla,/en/joaqu-n-sorolla/reflections-in-a-fountain-1918,Reflections in a Fountain,1918,,Impressionism,cityscape,https://uploads8.wikiart.org/images/joaquin-sorolla/reflections-in-a-fountain-1918.jpg!Large.jpg
joaqu-n-sorolla,/en/joaqu-n-sorolla/portrait-of-josé-luis-lópez-de-arana-benlliure,Portrait of José Luis López de Arana Benlliure,1918,,Impressionism,portrait,https://uploads6.wikiart.org/images/joaquin-sorolla/portrait-of-josé-luis-lópez-de-arana-benlliure.jpg!Large.jpg
