pierre-bonnard,/en/pierre-bonnard/young-girl-sitting-with-a-rabbit-1891,Young Girl Sitting with a Rabbit,1891,Japonism,genre painting,genre painting,https://uploads5.wikiart.org/images/pierre-bonnard/young-girl-sitting-with-a-rabbit-1891.jpg!Large.jpg
pierre-bonnard,/en/pierre-bonnard/family-1893,Family Scene,1893,Japonism,portrait,portrait,https://uploads6.wikiart.org/images/pierre-bonnard/family-1893.jpg!Large.jpg
pierre-bonnard,/en/pierre-bonnard/workers-1920,Workers,1920,Post-Impressionism,genre painting,genre painting,https://uploads7.wikiart.org/images/pierre-bonnard/workers-1920.jpg!Large.jpg
pierre-bonnard,/en/pierre-bonnard/the-port-in-cannes-1926,The Port of Cannes,1927,Post-Impressionism,cityscape,cityscape,https://uploads0.wikiart.org/images/pierre-bonnard/the-port-in-cannes-1926.jpg!Large.jpg
pierre-bonnard,/en/pierre-bonnard/view-from-the-artist-s-studio-le-cannet-1945,"View from the Artist's Studio, Le Cannet",1945,Post-Impressionism,landscape,landscape,https://uploads3.wikiart.org/images/pierre-bonnard/view-from-the-artist-s-studio-le-cannet-1945.jpg!Large.jpg
pierre-bonnard,/en/pierre-bonnard/dining-room-on-the-garden,Dining Room on the Garden,,Intimism,interior,interior,https://uploads2.wikiart.org/images/pierre-bonnard/dining-room-on-the-garden.jpg!Large.jpg
pierre-bonnard,/en/pierre-bonnard/the-almond-tree-in-blossom,The almond tree in blossom,,Post-Impressionism,landscape,landscape,https://uploads3.wikiart.org/images/pierre-bonnard/the-almond-tree-in-blossom.jpg!Large.jpg
pierre-bonnard,/en/pierre-bonnard/picking-cherries-1946,Picking Cherries,1946,Post-Impressionism,genre painting,genre painting,https://uploads7.wikiart.org/images/pierre-bonnard/picking-cherries-1946.jpg!Large.jpg
pierre-bonnard,/en/pierre-bonnard/fruit-basket,Fruit Basket,1946,Post-Impressionism,still life,still life,https://uploads7.wikiart.org/images/pierre-bonnard/fruit-basket.jpg!Large.jpg
pierre-bonnard,/en/pierre-bonnard/nu-na-banheira-1946,Nude in Bathtub,1946,,Post-Impressionism,nude painting (nu),https://uploads3.wikiart.org/00328/images/pierre-bonnard/1.jpg!Large.jpg
pierre-bonnard,/en/pierre-bonnard/the-vase-of-flowers-1945,The Vase of flowers,1945,Post-Impressionism,flower painting,flower painting,https://uploads1.wikiart.org/images/pierre-bonnard/the-vase-of-flowers-1945.jpg!Large.jpg
pierre-bonnard,/en/pierre-bonnard/the-last-self-portrait-1945,The Last Self Portrait,1945,Post-Impressionism,self-portrait,self-portrait,https://uploads4.wikiart.org/images/pierre-bonnard/the-last-self-portrait-1945.jpg!Large.jpg
pierre-bonnard,/en/pierre-bonnard/self-portrait-1945,Self Portrait,1945,Post-Impressionism,self-portrait,self-portrait,https://uploads4.wikiart.org/images/pierre-bonnard/self-portrait-1945.jpg!Large.jpg
pierre-bonnard,/en/pierre-bonnard/bunch-of-mimosa,Bunch of Mimosa,1945,Post-Impressionism,flower painting,flower painting,https://uploads1.wikiart.org/images/pierre-bonnard/bunch-of-mimosa.jpg!Large.jpg
pierre-bonnard,/en/pierre-bonnard/bull-and-child-1945,Bull and Child,1945,Post-Impressionism,genre painting,genre painting,https://uploads4.wikiart.org/images/pierre-bonnard/bull-and-child-1945.jpg
pierre-bonnard,/en/pierre-bonnard/peaches-and-grapes-1943,Peaches and Grapes,1943,Post-Impressionism,still life,still life,https://uploads0.wikiart.org/images/pierre-bonnard/peaches-and-grapes-1943.jpg!Large.jpg
pierre-bonnard,/en/pierre-bonnard/landscape-of-cote-d-azur-1943,Landscape of Cote d Azur,1943,Post-Impressionism,landscape,landscape,https://uploads5.wikiart.org/images/pierre-bonnard/landscape-of-cote-d-azur-1943.jpg
pierre-bonnard,/en/pierre-bonnard/garden-at-midday-1943,Garden at Midday,1943,Post-Impressionism,landscape,landscape,https://uploads7.wikiart.org/images/pierre-bonnard/garden-at-midday-1943.jpg!Large.jpg
pierre-bonnard,/en/pierre-bonnard/fruit-on-the-red-carpet,Fruit on the red carpet,1943,Post-Impressionism,still life,still life,https://uploads0.wikiart.org/images/pierre-bonnard/fruit-on-the-red-carpet.jpg!Large.jpg
pierre-bonnard,/en/pierre-bonnard/view-of-le-cannet-roofs-1942,"View of Le Cannet, Roofs",1942,Post-Impressionism,landscape,landscape,https://uploads5.wikiart.org/images/pierre-bonnard/view-of-le-cannet-roofs-1942.jpg!Large.jpg
