seen,/en/seen/big-walls-featuring-cope2-nosm-and-how-2009,"Big Walls (featuring Cope2, Nosm and How)",2009,Street art,graffiti,graffiti,https://uploads1.wikiart.org/images/seen/big-walls-featuring-cope2-nosm-and-how-2009.jpg!Large.jpg
seen,/en/seen/bomb,Bomb,,Street art,graffiti,graffiti,https://uploads6.wikiart.org/images/seen/bomb.jpg
seen,/en/seen/superman-piece-new-york-1980,"Superman Piece, New York",1980,Street art,graffiti,graffiti,https://uploads3.wikiart.org/images/seen/superman-piece-new-york-1980.jpg
seen,/en/seen/bomb-1,Bomb,,Street art,graffiti,graffiti,https://uploads8.wikiart.org/images/seen/bomb-1.jpg
seen,/en/seen/hollywood-sign,Hollywood Sign,,Street art,graffiti,graffiti,https://uploads7.wikiart.org/images/seen/hollywood-sign.jpg
seen,/en/seen/mad-seen,Mad Seen,,Street art,graffiti,graffiti,https://uploads2.wikiart.org/images/seen/mad-seen.jpg!Large.jpg
seen,/en/seen/piece,Piece,,Street art,graffiti,graffiti,https://uploads7.wikiart.org/images/seen/piece.jpg
seen,/en/seen/seen-ua,Seen UA,,Street art,graffiti,graffiti,https://uploads0.wikiart.org/images/seen/seen-ua.jpg
seen,/en/seen/block-letters,Block Letters,,Street art,graffiti,graffiti,https://uploads6.wikiart.org/images/seen/block-letters.jpg
seen,/en/seen/piece-1,Piece,,Street art,graffiti,graffiti,https://uploads0.wikiart.org/images/seen/piece-1.jpg
