zdzislaw-beksinski,/en/zdzislaw-beksinski/untitled-1978-0,Untitled,1978,,Surrealism,symbolic painting,https://uploads4.wikiart.org/images/zdislav-beksinski/untitled-1978-1.jpg!Large.jpg
zdzislaw-beksinski,/en/zdzislaw-beksinski/untitled-1998-3,Untitled,1998,,Surrealism,symbolic painting,https://uploads2.wikiart.org/images/zdislav-beksinski/untitled-1998.jpg!Large.jpg
zdzislaw-beksinski,/en/zdzislaw-beksinski/untitled-494,Untitled,,Surrealism,symbolic painting,symbolic painting,https://uploads1.wikiart.org/images/zdislav-beksinski/untitled-168.jpg!Large.jpg
zdzislaw-beksinski,/en/zdzislaw-beksinski/untitled-496,Untitled,,Surrealism,symbolic painting,symbolic painting,https://uploads1.wikiart.org/images/zdislav-beksinski/untitled-166.jpg!Large.jpg
zdzislaw-beksinski,/en/zdzislaw-beksinski/untitled-498,Untitled,,Surrealism,symbolic painting,symbolic painting,https://uploads1.wikiart.org/images/zdislav-beksinski/untitled-164.jpg!Large.jpg
zdzislaw-beksinski,/en/zdzislaw-beksinski/untitled-504,Untitled,,Surrealism,symbolic painting,symbolic painting,https://uploads1.wikiart.org/images/zdislav-beksinski/untitled-158.jpg!Large.jpg
